Timestamp,User Count,Type,Name,Requests/s,Failures/s,50%,66%,75%,80%,90%,95%,98%,99%,99.9%,99.99%,100%,Total Request Count,Total Failure Count,Total Median Response Time,Total Average Response Time,Total Min Response Time,Total Max Response Time,Total Average Content Size
1791187328,0,,Aggregated,0.000000,0.000000,N/A,N/A,N/A,N/A,N/A,N/A,N/A,N/A,N/A,N/A,N/A,0,0,0,0.0,0,0,0
1791187329,2,GET,BMC: PowerState,0.000000,0.000000,0,0,0,0,0,0,0,0,0,0,0,2,0,820,815.6385204929393,809.2305629979819,822.0464779878967,2578.0
1791187329,2,,Aggregated,0.000000,0.000000,0,0,0,0,0,0,0,0,0,0,0,2,0,820,815.6385204929393,809.2305629979819,822.0464779878967,2578.0
1791187330,4,GET,BMC: PowerState,0.000000,0.000000,0,0,0,0,0,0,0,0,0,0,0,4,0,820,821.2662187470414,769.0524490026291,884.735384999658,2578.0
1791187330,4,,Aggregated,0.000000,0.000000,820,820,880,880,880,880,880,880,880,880,880,4,0,820,821.2662187470414,769.0524490026291,884.735384999658,2578.0
1791187331,5,GET,BMC: PowerState,0.000000,0.000000,770,770,880,880,880,880,880,880,880,880,880,5,0,810,738.1565193994902,405.71772200928535,884.735384999658,2578.0
1791187331,5,,Aggregated,0.000000,0.000000,810,820,820,880,880,880,880,880,880,880,880,5,0,810,738.1565193994902,405.71772200928535,884.735384999658,2578.0
1791187332,5,GET,BMC: PowerState,1.000000,0.000000,770,770,880,880,880,880,880,880,880,880,880,6,0,810,692.007325332573,405.71772200928535,884.735384999658,2578.0
1791187332,5,GET,BMC: system information,0.000000,0.000000,0,0,0,0,0,0,0,0,0,0,0,2,0,656.4692490064772,635.3843435063027,614.2994380061282,656.4692490064772,2578.0
1791187332,5,,Aggregated,1.000000,0.000000,770,810,820,820,880,880,880,880,880,880,880,8,0,770,677.8515798760054,405.71772200928535,884.735384999658,2578.0
1791187333,5,GET,BMC: PowerState,1.333333,0.000000,550,550,770,770,880,880,880,880,880,880,880,8,0,770,635.5746944991552,377.60312399768736,884.735384999658,2578.0
1791187333,5,GET,BMC: system information,0.000000,0.000000,0,0,0,0,0,0,0,0,0,0,0,2,0,656.4692490064772,635.3843435063027,614.2994380061282,656.4692490064772,2578.0
1791187333,5,,Aggregated,1.333333,0.000000,660,770,810,820,880,880,880,880,880,880,880,10,0,660,635.5366243005847,377.60312399768736,884.735384999658,2578.0
1791187334,5,GET,BMC: PowerState,1.333333,0.000000,550,550,770,770,880,880,880,880,880,880,880,8,0,770,635.5746944991552,377.60312399768736,884.735384999658,2578.0
1791187334,5,GET,BMC: system information,0.000000,0.000000,660,660,660,660,660,660,660,660,660,660,660,2,0,656.4692490064772,635.3843435063027,614.2994380061282,656.4692490064772,2578.0
1791187334,5,,Aggregated,1.333333,0.000000,660,770,810,820,880,880,880,880,880,880,880,10,0,660,635.5366243005847,377.60312399768736,884.735384999658,2578.0
1791187335,5,GET,BMC: PowerState,1.200000,0.000000,550,550,770,770,880,880,880,880,880,880,880,8,0,770,635.5746944991552,377.60312399768736,884.735384999658,2578.0
1791187335,5,GET,BMC: system information,0.400000,0.000000,780,950,1100,1100,1100,1100,1100,1100,1100,1100,1100,7,0,780,828.1006494300008,562.66811300884,1127.0096270018257,2578.0
1791187335,5,,Aggregated,1.600000,0.000000,770,810,880,950,1100,1100,1100,1100,1100,1100,1100,15,0,770,725.4201401335498,377.60312399768736,1127.0096270018257,2578.0
1791187336,5,GET,BMC: PowerState,1.200000,0.000000,550,550,770,770,880,880,880,880,880,880,880,8,0,770,635.5746944991552,377.60312399768736,884.735384999658,2578.0
1791187336,5,GET,BMC: system information,0.400000,0.000000,780,950,1100,1100,1100,1100,1100,1100,1100,1100,1100,7,0,780,828.1006494300008,562.66811300884,1127.0096270018257,2578.0
1791187336,5,,Aggregated,1.600000,0.000000,770,810,880,950,1100,1100,1100,1100,1100,1100,1100,15,0,770,725.4201401335498,377.60312399768736,1127.0096270018257,2578.0
1791187337,5,GET,BMC: PowerState,1.200000,0.000000,550,550,770,770,880,880,880,880,880,880,880,8,0,770,635.5746944991552,377.60312399768736,884.735384999658,2578.0
1791187337,5,GET,BMC: system information,0.400000,0.000000,780,950,1100,1100,1100,1100,1100,1100,1100,1100,1100,7,0,780,828.1006494300008,562.66811300884,1127.0096270018257,2578.0
1791187337,5,,Aggregated,1.600000,0.000000,770,810,880,950,1100,1100,1100,1100,1100,1100,1100,15,0,770,725.4201401335498,377.60312399768736,1127.0096270018257,2578.0
1791187338,5,GET,BMC: PowerState,1.200000,0.000000,550,550,770,770,880,880,880,880,880,880,880,8,0,770,635.5746944991552,377.60312399768736,884.735384999658,2578.0
1791187338,5,GET,BMC: system information,0.400000,0.000000,780,950,1100,1100,1100,1100,1100,1100,1100,1100,1100,7,0,780,828.1006494300008,562.66811300884,1127.0096270018257,2578.0
1791187338,5,,Aggregated,1.600000,0.000000,770,810,880,950,1100,1100,1100,1100,1100,1100,1100,15,0,770,725.4201401335498,377.60312399768736,1127.0096270018257,2578.0
1791187339,5,GET,BMC: PowerState,0.888889,0.000000,770,880,1200,1200,1700,1700,1700,1700,1700,1700,1700,11,0,810,829.0259409986902,377.60312399768736,1672.1994559920859,2578.0
1791187339,5,GET,BMC: system information,0.777778,0.000000,950,1100,1100,1600,1600,1600,1600,1600,1600,1600,1600,9,0,950,1005.6782669998938,562.66811300884,1638.3411059941864,2578.0
1791187339,5,,Aggregated,1.666667,0.000000,880,1100,1200,1200,1600,1700,1700,1700,1700,1700,1700,20,0,820,908.5194876992318,377.60312399768736,1672.1994559920859,2578.0
1791187340,5,GET,BMC: PowerState,0.800000,0.000000,550,1200,1200,1200,1700,1700,1700,1700,1700,1700,1700,12,0,810,788.845806081857,346.8643219966907,1672.1994559920859,2578.0
1791187340,5,GET,BMC: system information,0.700000,0.000000,950,1100,1100,1600,1600,1600,1600,1600,1600,1600,1600,9,0,950,1005.6782669998938,562.66811300884,1638.3411059941864,2578.0
1791187340,5,,Aggregated,1.500000,0.000000,780,1100,1200,1200,1600,1700,1700,1700,1700,1700,1700,21,0,810,881.7740036181584,346.8643219966907,1672.1994559920859,2578.0
1791187341,5,GET,BMC: PowerState,0.800000,0.000000,550,1200,1200,1200,1700,1700,1700,1700,1700,1700,1700,13,0,770,756.6494765375794,346.8643219966907,1672.1994559920859,2578.0
1791187341,5,GET,BMC: system information,0.700000,0.000000,950,1100,1100,1600,1600,1600,1600,1600,1600,1600,1600,9,0,950,1005.6782669998938,562.66811300884,1638.3411059941864,2578.0
1791187341,5,,Aggregated,1.500000,0.000000,780,1100,1200,1200,1600,1700,1700,1700,1700,1700,1700,22,0,810,858.5248908176171,346.8643219966907,1672.1994559920859,2578.0
1791187342,5,GET,BMC: PowerState,0.900000,0.000000,550,1200,1200,1200,1700,1700,1700,1700,1700,1700,1700,14,0,770,738.2016847134635,346.8643219966907,1672.1994559920859,2578.0
1791187342,5,GET,BMC: system information,0.900000,0.000000,1000,1100,1100,1100,1600,1600,1600,1600,1600,1600,1600,12,0,1000,1001.6736647509484,562.66811300884,1638.3411059941864,2578.0
1791187342,5,,Aggregated,1.800000,0.000000,1000,1100,1200,1200,1600,1700,1700,1700,1700,1700,1700,26,0,820,859.8041370384565,346.8643219966907,1672.1994559920859,2578.0
1791187343,5,GET,BMC: PowerState,0.800000,0.000000,550,1200,1200,1200,1700,1700,1700,1700,1700,1700,1700,14,0,770,738.2016847134635,346.8643219966907,1672.1994559920859,2578.0
1791187343,5,GET,BMC: system information,0.900000,0.000000,1000,1100,1100,1100,1600,1600,1600,1600,1600,1600,1600,13,0,950,954.4846465388008,388.21642799302936,1638.3411059941864,2578.0
1791187343,5,,Aggregated,1.700000,0.000000,1000,1100,1200,1200,1600,1700,1700,1700,1700,1700,1700,27,0,810,842.3379255923296,346.8643219966907,1672.1994559920859,2578.0
1791187344,5,GET,BMC: PowerState,0.800000,0.000000,550,1200,1200,1200,1700,1700,1700,1700,1700,1700,1700,14,0,770,738.2016847134635,346.8643219966907,1672.1994559920859,2578.0
1791187344,5,GET,BMC: system information,0.900000,0.000000,1000,1100,1100,1600,1600,1600,1600,1600,1600,1600,1600,13,0,950,954.4846465388008,388.21642799302936,1638.3411059941864,2578.0
1791187344,5,,Aggregated,1.700000,0.000000,1000,1100,1200,1600,1600,1700,1700,1700,1700,1700,1700,27,0,810,842.3379255923296,346.8643219966907,1672.1994559920859,2578.0
1791187345,5,GET,BMC: PowerState,0.800000,0.000000,550,610,1200,1200,1700,1700,1700,1700,1700,1700,1700,15,0,610,729.4979074659446,346.8643219966907,1672.1994559920859,2578.0
1791187345,5,GET,BMC: system information,1.000000,0.000000,1000,1100,1100,1600,1600,1600,1600,1600,1600,1600,1600,14,0,950,914.2301575006319,388.21642799302936,1638.3411059941864,2578.0
1791187345,5,,Aggregated,1.800000,0.000000,820,1100,1200,1200,1600,1700,1700,1700,1700,1700,1700,29,0,780,818.6789936895867,346.8643219966907,1672.1994559920859,2578.0
1791187346,5,GET,BMC: PowerState,0.600000,0.000000,610,1200,1200,1200,1700,1700,1700,1700,1700,1700,1700,15,0,610,729.4979074659446,346.8643219966907,1672.1994559920859,2578.0
1791187346,5,GET,BMC: system information,1.100000,0.000000,920,1000,1100,1100,1600,1600,1600,1600,1600,1600,1600,17,0,920,894.9794408836169,388.21642799302936,1638.3411059941864,2578.0
1791187346,5,,Aggregated,1.700000,0.000000,920,1100,1200,1200,1600,1700,1700,1700,1700,1700,1700,32,0,810,817.4099720940831,346.8643219966907,1672.1994559920859,2578.0
1791187347,5,GET,BMC: PowerState,0.600000,0.000000,610,1200,1200,1200,1700,1700,1700,1700,1700,1700,1700,15,0,610,729.4979074659446,346.8643219966907,1672.1994559920859,2578.0
1791187347,5,GET,BMC: system information,1.100000,0.000000,950,1000,1100,1600,1600,1600,1600,1600,1600,1600,1600,17,0,920,894.9794408836169,388.21642799302936,1638.3411059941864,2578.0
1791187347,5,,Aggregated,1.700000,0.000000,920,1100,1200,1200,1600,1700,1700,1700,1700,1700,1700,32,0,810,817.4099720940831,346.8643219966907,1672.1994559920859,2578.0
1791187348,5,GET,BMC: PowerState,0.700000,0.000000,740,920,1200,1200,1700,1700,1700,1700,1700,1700,1700,17,0,740,741.3052791756961,346.8643219966907,1672.1994559920859,2578.0
1791187348,5,GET,BMC: system information,0.700000,0.000000,920,1000,1100,1100,1600,1600,1600,1600,1600,1600,1600,18,0,920,889.9426860015309,388.21642799302936,1638.3411059941864,2578.0
1791187348,5,,Aggregated,1.400000,0.000000,920,1000,1200,1200,1600,1700,1700,1700,1700,1700,1700,35,0,800,817.7473741146969,346.8643219966907,1672.1994559920859,2578.0
1791187349,5,GET,BMC: PowerState,0.700000,0.000000,500,610,740,740,920,920,920,920,920,920,920,18,0,740,719.9804933326151,346.8643219966907,1672.1994559920859,2578.0
1791187349,5,GET,BMC: system information,1.000000,0.000000,920,950,1100,1100,1600,1600,1600,1600,1600,1600,1600,19,0,820,861.1367265280263,342.62945600494277,1638.3411059941864,2578.0
1791187349,5,,Aggregated,1.700000,0.000000,610,820,920,920,1000,1100,1100,1100,1100,1100,1100,37,0,780,792.4661265951236,342.62945600494277,1672.1994559920859,2578.0
1791187350,5,GET,BMC: PowerState,0.700000,0.000000,580,610,740,740,920,920,920,920,920,920,920,20,0,610,698.5312688491831,346.8643219966907,1672.1994559920859,2578.0
1791187350,5,GET,BMC: system information,1.000000,0.000000,820,920,950,1000,1100,1100,1100,1100,1100,1100,1100,19,0,820,861.1367265280263,342.62945600494277,1638.3411059941864,2578.0
1791187350,5,,Aggregated,1.700000,0.000000,610,800,920,920,1000,1100,1100,1100,1100,1100,1100,39,0,770,777.7493123337478,342.62945600494277,1672.1994559920859,2578.0
1791187351,5,GET,BMC: PowerState,1.000000,0.000000,580,610,740,740,920,920,920,920,920,920,920,20,0,610,698.5312688491831,346.8643219966907,1672.1994559920859,2578.0
1791187351,5,GET,BMC: system information,1.100000,0.000000,800,920,950,950,1000,1100,1100,1100,1100,1100,1100,20,0,820,834.9106931011193,336.61605798988603,1638.3411059941864,2578.0
1791187351,5,,Aggregated,2.100000,0.000000,610,800,920,920,1000,1100,1100,1100,1100,1100,1100,40,0,770,766.7209809751512,336.61605798988603,1672.1994559920859,2578.0
1791187352,5,GET,BMC: PowerState,0.700000,0.000000,610,740,900,900,920,920,920,920,920,920,920,21,0,610,708.1072770947469,346.8643219966907,1672.1994559920859,2578.0
1791187352,5,GET,BMC: system information,1.000000,0.000000,540,800,920,950,960,960,960,960,960,960,960,22,0,820,823.8564983191529,336.61605798988603,1638.3411059941864,2578.0
1791187352,5,,Aggregated,1.700000,0.000000,580,800,900,920,950,960,960,960,960,960,960,43,0,770,767.3278088839779,336.61605798988603,1672.1994559920859,2578.0
1791187353,5,GET,BMC: PowerState,0.800000,0.000000,610,740,900,900,920,920,920,920,920,920,920,21,0,610,708.1072770947469,346.8643219966907,1672.1994559920859,2578.0
1791187353,5,GET,BMC: system information,1.000000,0.000000,460,800,920,920,950,960,960,960,960,960,960,23,0,800,801.9872501311551,320.86378999520093,1638.3411059941864,2578.0
1791187353,5,,Aggregated,1.800000,0.000000,580,740,900,920,950,960,960,960,960,960,960,44,0,770,757.1808993637784,320.86378999520093,1672.1994559920859,2578.0
1791187354,5,GET,BMC: PowerState,0.700000,0.000000,650,740,840,900,920,920,920,920,920,920,920,23,0,650,711.30781186904,346.8643219966907,1672.1994559920859,2578.0
1791187354,5,GET,BMC: system information,1.100000,0.000000,480,800,920,920,950,960,960,960,960,960,960,24,0,800,788.578603125643,320.86378999520093,1638.3411059941864,2578.0
1791187354,5,,Aggregated,1.800000,0.000000,610,800,900,920,950,960,960,960,960,960,960,47,0,740,750.7652371915607,320.86378999520093,1672.1994559920859,2578.0
1791187355,5,GET,BMC: PowerState,0.700000,0.000000,650,740,840,900,920,920,920,920,920,920,920,24,0,650,708.2023685828366,346.8643219966907,1672.1994559920859,2578.0
1791187355,5,GET,BMC: system information,1.000000,0.000000,540,800,920,920,950,960,960,960,960,960,960,25,0,780,780.4255276010372,320.86378999520093,1638.3411059941864,2578.0
1791187355,5,,Aggregated,1.700000,0.000000,640,800,900,920,950,960,960,960,960,960,960,49,0,660,745.0509191023267,320.86378999520093,1672.1994559920859,2578.0
1791187356,5,GET,BMC: PowerState,0.700000,0.000000,650,740,840,900,920,920,920,920,920,920,920,24,0,650,708.2023685828366,346.8643219966907,1672.1994559920859,2578.0
1791187356,5,GET,BMC: system information,1.000000,0.000000,540,800,920,920,950,960,960,960,960,960,960,25,0,780,780.4255276010372,320.86378999520093,1638.3411059941864,2578.0
1791187356,5,,Aggregated,1.700000,0.000000,640,800,900,920,950,960,960,960,960,960,960,49,0,660,745.0509191023267,320.86378999520093,1672.1994559920859,2578.0
1791187357,5,GET,BMC: PowerState,0.700000,0.000000,650,740,840,900,920,920,920,920,920,920,920,24,0,650,708.2023685828366,346.8643219966907,1672.1994559920859,2578.0
1791187357,5,GET,BMC: system information,1.000000,0.000000,480,580,800,800,960,960,960,960,960,960,960,25,0,780,780.4255276010372,320.86378999520093,1638.3411059941864,2578.0
1791187357,5,,Aggregated,1.700000,0.000000,580,740,800,840,920,960,960,960,960,960,960,49,0,660,745.0509191023267,320.86378999520093,1672.1994559920859,2578.0
1791187358,5,GET,BMC: PowerState,0.900000,0.000000,840,880,920,920,920,1300,1300,1300,1300,1300,1300,27,0,740,744.8695986289143,346.8643219966907,1672.1994559920859,2578.0
1791187358,5,GET,BMC: system information,1.100000,0.000000,480,580,960,960,1100,1100,1100,1100,1100,1100,1100,26,0,800,794.3984405781241,320.86378999520093,1638.3411059941864,2578.0
1791187358,5,,Aggregated,2.000000,0.000000,640,880,900,920,1100,1300,1300,1300,1300,1300,1300,53,0,770,769.1667663775833,320.86378999520093,1672.1994559920859,2578.0
1791187359,5,GET,BMC: PowerState,0.900000,0.000000,840,880,900,920,1300,1300,1300,1300,1300,1300,1300,28,0,740,730.6181216060525,345.8282419887837,1672.1994559920859,2578.0
1791187359,5,GET,BMC: system information,1.100000,0.000000,480,580,960,960,1100,1100,1100,1100,1100,1100,1100,26,0,800,794.3984405781241,320.86378999520093,1638.3411059941864,2578.0
1791187359,5,,Aggregated,2.000000,0.000000,640,880,900,920,1100,1300,1300,1300,1300,1300,1300,54,0,770,761.3271640740869,320.86378999520093,1672.1994559920859,2578.0
1791187360,5,GET,BMC: PowerState,0.900000,0.000000,840,880,900,920,1300,1300,1300,1300,1300,1300,1300,28,0,740,730.6181216060525,345.8282419887837,1672.1994559920859,2578.0
1791187360,5,GET,BMC: system information,1.100000,0.000000,480,580,960,960,1100,1100,1100,1100,1100,1100,1100,26,0,800,794.3984405781241,320.86378999520093,1638.3411059941864,2578.0
1791187360,5,,Aggregated,2.000000,0.000000,650,880,920,960,1100,1300,1300,1300,1300,1300,1300,54,0,770,761.3271640740869,320.86378999520093,1672.1994559920859,2578.0
1791187361,5,GET,BMC: PowerState,1.000000,0.000000,900,900,920,980,1300,1300,1300,1300,1300,1300,1300,30,0,770,744.4498189986916,345.8282419887837,1672.1994559920859,2578.0
1791187361,5,GET,BMC: system information,0.800000,0.000000,910,960,1100,1400,1400,1400,1400,1400,1400,1400,1400,29,0,820,839.9978208978829,320.86378999520093,1638.3411059941864,2578.0
1791187361,5,,Aggregated,1.800000,0.000000,900,920,980,1100,1400,1400,1400,1400,1400,1400,1400,59,0,800,791.4140911186331,320.86378999520093,1672.1994559920859,2578.0
1791187362,5,GET,BMC: PowerState,1.000000,0.000000,900,900,920,980,1300,1300,1300,1300,1300,1300,1300,30,0,770,744.4498189986916,345.8282419887837,1672.1994559920859,2578.0
1791187362,5,GET,BMC: system information,0.800000,0.000000,910,1100,1400,1400,1400,1400,1400,1400,1400,1400,1400,29,0,820,839.9978208978829,320.86378999520093,1638.3411059941864,2578.0
1791187362,5,,Aggregated,1.800000,0.000000,900,920,1100,1100,1400,1400,1400,1400,1400,1400,1400,59,0,800,791.4140911186331,320.86378999520093,1672.1994559920859,2578.0
1791187363,5,GET,BMC: PowerState,1.000000,0.000000,880,900,920,980,1300,1300,1300,1300,1300,1300,1300,30,0,770,744.4498189986916,345.8282419887837,1672.1994559920859,2578.0
1791187363,5,GET,BMC: system information,0.800000,0.000000,1100,1100,1400,1400,1400,1400,1400,1400,1400,1400,1400,29,0,820,839.9978208978829,320.86378999520093,1638.3411059941864,2578.0
1791187363,5,,Aggregated,1.800000,0.000000,900,920,1100,1300,1400,1400,1400,1400,1400,1400,1400,59,0,800,791.4140911186331,320.86378999520093,1672.1994559920859,2578.0
1791187364,5,GET,BMC: PowerState,1.000000,0.000000,900,920,980,1000,1300,1300,1300,1300,1300,1300,1300,33,0,770,745.1564863012843,345.8282419887837,1672.1994559920859,2578.0
1791187364,5,GET,BMC: system information,0.900000,0.000000,1100,1400,1400,1400,1400,1400,1400,1400,1400,1400,1400,29,0,820,839.9978208978829,320.86378999520093,1638.3411059941864,2578.0
1791187364,5,,Aggregated,1.900000,0.000000,910,980,1100,1300,1400,1400,1400,1400,1400,1400,1400,62,0,800,789.5177557093707,320.86378999520093,1672.1994559920859,2578.0
1791187365,5,GET,BMC: PowerState,0.900000,0.000000,900,920,980,1000,1300,1300,1300,1300,1300,1300,1300,33,0,770,745.1564863012843,345.8282419887837,1672.1994559920859,2578.0
1791187365,5,GET,BMC: system information,0.700000,0.000000,910,1100,1400,1400,1400,1400,1400,1400,1400,1400,1400,31,0,800,832.2964760013894,320.86378999520093,1638.3411059941864,2578.0
1791187365,5,,Aggregated,1.600000,0.000000,900,980,1000,1100,1400,1400,1400,1400,1400,1400,1400,64,0,790,787.3649188122727,320.86378999520093,1672.1994559920859,2578.0
1791187366,5,GET,BMC: PowerState,0.900000,0.000000,880,920,980,980,1000,1300,1300,1300,1300,1300,1300,35,0,740,723.1161272552397,345.8282419887837,1672.1994559920859,2578.0
1791187366,5,GET,BMC: system information,0.600000,0.000000,910,1100,1400,1400,1400,1400,1400,1400,1400,1400,1400,32,0,800,824.042373001248,320.86378999520093,1638.3411059941864,2578.0
1791187366,5,,Aggregated,1.500000,0.000000,900,920,1000,1100,1400,1400,1400,1400,1400,1400,1400,67,0,770,771.3197073130347,320.86378999520093,1672.1994559920859,2578.0
1791187367,5,GET,BMC: PowerState,1.000000,0.000000,880,900,980,980,1000,1300,1300,1300,1300,1300,1300,36,0,770,724.3564641091021,345.8282419887837,1672.1994559920859,2578.0
1791187367,5,GET,BMC: system information,0.500000,0.000000,910,1100,1400,1400,1400,1400,1400,1400,1400,1400,1400,33,0,790,823.1383693954823,320.86378999520093,1638.3411059941864,2578.0
1791187367,5,,Aggregated,1.500000,0.000000,880,920,1000,1100,1400,1400,1400,1400,1400,1400,1400,69,0,770,771.5999840286753,320.86378999520093,1672.1994559920859,2578.0
